game_number,target_word,won,attempts,guess_1,feedback_1,hamming_1,levenshtein_1,strategy_1,guess_2,feedback_2,hamming_2,levenshtein_2,strategy_2,guess_3,feedback_3,hamming_3,levenshtein_3,strategy_3,guess_4,feedback_4,hamming_4,levenshtein_4,strategy_4,guess_5,feedback_5,hamming_5,levenshtein_5,strategy_5,guess_6,feedback_6,hamming_6,levenshtein_6,strategy_6,candidates_before_1,candidates_after_1,reduction_rate_1,candidates_before_2,candidates_after_2,reduction_rate_2,candidates_before_3,candidates_after_3,reduction_rate_3,candidates_before_4,candidates_after_4,reduction_rate_4,candidates_before_5,candidates_after_5,reduction_rate_5,candidates_before_6,candidates_after_6,reduction_rate_6
1,PHOTO,True,4,DARES,-----,5,5,LLM,COLIN,-Y---,5,5,CSS,OUGHT,Y--YY,5.0,5.0,LLM,PHOTO,GGGGG,0.0,0.0,CSS,,,,,,,,,,,5629,432,92.32545745247823,432,9,97.91666666666666,9,1,88.88888888888889,1,1,0.0,,,,,,
2,PARTY,True,4,SIREN,--G--,4,4,LLM,MORAY,--GYG,3,3,CSS,DARCY,-GG-G,2.0,2.0,LLM,PARTY,GGGGG,0.0,0.0,CSS,,,,,,,,,,,5629,123,97.81488719133061,123,13,89.43089430894308,13,6,53.84615384615385,6,1,83.33333333333334,,,,,,
3,TRICK,True,4,RATES,Y-Y--,5,5,LLM,TROUT,GG---,3,3,CSS,TRIPP,GGG--,2.0,2.0,LLM,TRICK,GGGGG,0.0,0.0,CSS,,,,,,,,,,,5629,60,98.9340913128442,60,4,93.33333333333333,4,2,50.0,2,1,50.0,,,,,,
4,DIRTY,True,3,RAIDS,Y-YY-,5,5,LLM,DIMER,GG--Y,3,3,CSS,DIRTY,GGGGG,0.0,0.0,LLM,,,,,,,,,,,,,,,,5629,16,99.71575768342512,16,1,93.75,1,1,0.0,,,,,,,,,
5,USUAL,True,4,RAISE,-Y-Y-,5,5,LLM,SLATS,YYY--,5,4,CSS,ASLAM,-GYG-,3.0,3.0,LLM,USUAL,GGGGG,0.0,0.0,CSS,,,,,,,,,,,5629,156,97.22863741339492,156,3,98.07692307692307,3,1,66.66666666666666,1,1,0.0,,,,,,
6,TRULY,True,4,YATES,Y-Y--,5,5,LLM,MORTY,--YYG,4,4,CSS,TRUDY,GGG-G,1.0,1.0,LLM,TRULY,GGGGG,0.0,0.0,CSS,,,,,,,,,,,5629,28,99.50257594599397,28,2,92.85714285714286,2,1,50.0,1,1,0.0,,,,,,
7,SPENT,True,5,RONDA,--Y--,5,5,LLM,GLENS,--GGY,3,3,CSS,STENT,G-GGG,1.0,1.0,LLM,SCENT,G-GGG,1.0,1.0,CSS,SPENT,GGGGG,0.0,0.0,LLM,,,,,,5629,196,96.51803162195772,196,4,97.95918367346938,4,2,50.0,2,1,50.0,1,1,0.0,,,
8,PAUSE,True,4,CARON,-G---,4,4,LLM,SALEH,YG-Y-,4,4,CSS,WASTE,-GY-G,3.0,3.0,LLM,PAUSE,GGGGG,0.0,0.0,CSS,,,,,,,,,,,5629,401,92.87617694084207,401,5,98.75311720698254,5,1,80.0,1,1,0.0,,,,,,
9,CRAZY,True,4,HEROS,--Y--,5,5,LLM,DRAIN,-GG--,3,3,CSS,TRACY,-GGYG,2.0,2.0,LLM,CRAZY,GGGGG,0.0,0.0,CSS,,,,,,,,,,,5629,232,95.87848640966425,232,21,90.94827586206897,21,1,95.23809523809523,1,1,0.0,,,,,,
10,BASES,False,6,STORE,Y---Y,5,5,LLM,LANES,-G-GG,2,2,CSS,GAMES,-G-GG,2.0,2.0,LLM,CAVES,-G-GG,2.0,2.0,CSS,DAWES,-G-GG,2.0,2.0,LLM,BAKES,GG-GG,1.0,1.0,CSS,5629,266,95.27447148694262,266,37,86.09022556390977,37,24,35.13513513513514,24,12,50.0,12,6,50.0,6,2,66.66666666666666
11,YOUNG,True,4,TEAMS,-----,5,5,LLM,COLIN,-G--Y,4,4,CSS,DONOR,-GY--,4.0,4.0,LLM,YOUNG,GGGGG,0.0,0.0,CSS,,,,,,,,,,,5629,496,91.18848818617872,496,25,94.95967741935483,25,1,96.0,1,1,0.0,,,,,,
12,MEANS,True,6,ROUSE,---YY,5,5,LLM,TALES,-Y-YG,4,4,CSS,DEANS,-GGGG,1.0,1.0,LLM,JEANS,-GGGG,1.0,1.0,CSS,BEANS,-GGGG,1.0,1.0,LLM,MEANS,GGGGG,0.0,0.0,CSS,5629,388,93.10712382305915,388,18,95.36082474226805,18,3,83.33333333333334,3,2,33.33333333333333,2,1,50.0,1,1,0.0
13,TRUTH,True,5,OATES,--Y--,5,5,LLM,GRUNT,-GG-Y,3,3,CSS,TRULY,GGG--,2.0,2.0,LLM,TRUCK,GGG--,2.0,2.0,CSS,TRUTH,GGGGG,0.0,0.0,LLM,,,,,,5629,92,98.36560667969444,92,5,94.56521739130434,5,3,40.0,3,2,33.33333333333333,2,1,50.0,,,
14,FIRED,False,6,STARE,---YY,5,4,LLM,ELDER,--YGY,4,4,CSS,CRIED,-YYGG,3.0,3.0,LLM,HIRED,-GGGG,1.0,1.0,CSS,MIRED,-GGGG,1.0,1.0,LLM,WIRED,-GGGG,1.0,1.0,CSS,5629,213,96.21602416059692,213,13,93.89671361502347,13,4,69.23076923076923,4,3,25.0,3,2,33.33333333333333,2,1,50.0
15,FOLKS,True,5,READS,----G,4,4,LLM,BOLTS,-GG-G,2,2,CSS,SOLIS,-GG-G,2.0,2.0,LLM,YOLKS,-GGGG,1.0,1.0,CSS,FOLKS,GGGGG,0.0,0.0,LLM,,,,,,5629,268,95.23894119737076,268,6,97.76119402985076,6,3,50.0,3,1,66.66666666666666,1,1,0.0,,,
16,CHILE,True,5,TRANS,-----,5,5,LLM,BOYLE,---GG,3,3,CSS,PELLE,---GG,3.0,3.0,LLM,WHILE,-GGGG,1.0,1.0,CSS,CHILE,GGGGG,0.0,0.0,LLM,,,,,,5629,533,90.5311778290993,533,11,97.93621013133207,11,3,72.72727272727273,3,1,66.66666666666666,1,1,0.0,,,
17,BLACK,True,3,BALES,GYY--,4,4,LLM,BLANC,GGG-Y,2,2,CSS,BLACK,GGGGG,0.0,0.0,LLM,,,,,,,,,,,,,,,,5629,8,99.85787884171256,8,1,87.5,1,1,0.0,,,,,,,,,
18,GRANT,True,4,DALES,-Y---,5,5,LLM,TRINA,YG-GY,3,3,CSS,BRANT,-GGGG,1.0,1.0,LLM,GRANT,GGGGG,0.0,0.0,CSS,,,,,,,,,,,5629,317,94.36844910286018,317,2,99.36908517350159,2,1,50.0,1,1,0.0,,,,,,
19,MEALS,True,3,AILES,Y-YYG,4,4,LLM,DEALS,-GGGG,1,1,CSS,MEALS,GGGGG,0.0,0.0,LLM,,,,,,,,,,,,,,,,5629,13,99.76905311778292,13,4,69.23076923076923,4,1,75.0,,,,,,,,,
20,CREAM,True,5,SARIN,-YY--,5,5,LLM,TRADE,-GY-Y,4,4,CSS,BREAK,-GGG-,2.0,2.0,LLM,OREAL,-GGG-,2.0,2.0,CSS,CREAM,GGGGG,0.0,0.0,LLM,,,,,,5629,175,96.89109966246225,175,7,96.0,7,2,71.42857142857143,2,1,50.0,1,1,0.0,,,
21,AWAKE,True,4,RAILS,-Y---,5,5,LLM,MEANT,-YG--,4,4,CSS,AGAVE,G-G-G,2.0,2.0,LLM,AWAKE,GGGGG,0.0,0.0,CSS,,,,,,,,,,,5629,235,95.82519097530646,235,7,97.02127659574468,7,1,85.71428571428571,1,1,0.0,,,,,,
22,OCCUR,True,3,SAREE,--Y--,5,5,LLM,COURT,YYYY-,5,3,CSS,OCCUR,GGGGG,0.0,0.0,LLM,,,,,,,,,,,,,,,,5629,200,96.446971042814,200,1,99.5,1,1,0.0,,,,,,,,,
23,YEARS,False,6,STARE,Y-GGY,3,3,LLM,NEARS,-GGGG,1,1,CSS,GEARS,-GGGG,1.0,1.0,LLM,HEARS,-GGGG,1.0,1.0,CSS,PEARS,-GGGG,1.0,1.0,LLM,WEARS,-GGGG,1.0,1.0,CSS,5629,10,99.82234855214071,10,9,10.0,9,8,11.11111111111111,8,7,12.5,7,6,14.285714285714285,6,5,16.666666666666664
24,GRADE,True,6,OATES,-Y-Y-,5,4,LLM,RENAL,YY-Y-,5,5,CSS,GRACE,GGG-G,1.0,1.0,LLM,GRAPE,GGG-G,1.0,1.0,CSS,GRAZE,GGG-G,1.0,1.0,LLM,GRADE,GGGGG,0.0,0.0,CSS,5629,208,96.30484988452656,208,21,89.90384615384616,21,4,80.95238095238095,4,3,25.0,3,2,33.33333333333333,2,1,50.0
25,CHILL,True,4,REALS,---G-,4,4,LLM,DOLLY,--YG-,4,4,CSS,TWILL,--GGG,2.0,2.0,LLM,CHILL,GGGGG,0.0,0.0,CSS,,,,,,,,,,,5629,51,99.09397761591757,51,3,94.11764705882352,3,2,33.33333333333333,2,1,50.0,,,,,,
26,FLOOD,True,4,RAINS,-----,5,5,LLM,COYLE,-Y-Y-,5,5,CSS,BLOOD,-GGGG,1.0,1.0,LLM,FLOOD,GGGGG,0.0,0.0,CSS,,,,,,,,,,,5629,432,92.32545745247823,432,8,98.14814814814815,8,1,87.5,1,1,0.0,,,,,,
27,APPLY,True,3,AILES,G-Y--,4,4,LLM,ALOHA,GY---,4,4,CSS,APPLY,GGGGG,0.0,0.0,LLM,,,,,,,,,,,,,,,,5629,31,99.44928051163618,31,6,80.64516129032258,6,1,83.33333333333334,,,,,,,,,
28,SMILE,True,3,MARIE,Y--YG,4,4,LLM,SMITE,GGG-G,1,1,CSS,SMILE,GGGGG,0.0,0.0,LLM,,,,,,,,,,,,,,,,5629,7,99.87564398649849,7,1,85.71428571428571,1,1,0.0,,,,,,,,,
29,KNOCK,True,3,RESIN,----Y,5,5,LLM,CONGA,YYY--,5,5,CSS,KNOCK,GGGGG,0.0,0.0,LLM,,,,,,,,,,,,,,,,5629,199,96.46473618759993,199,1,99.49748743718592,1,1,0.0,,,,,,,,,
30,SLEEP,True,3,SENOR,GY---,4,4,LLM,STALE,G--YY,4,4,CSS,SLEEP,GGGGG,0.0,0.0,LLM,,,,,,,,,,,,,,,,5629,111,98.02806892876177,111,4,96.3963963963964,4,1,75.0,,,,,,,,,
31,BRICK,True,4,ELIAS,--G--,4,4,LLM,CHINO,Y-G--,4,4,CSS,BUICK,G-GGG,1.0,1.0,LLM,BRICK,GGGGG,0.0,0.0,CSS,,,,,,,,,,,5629,74,98.68537928584118,74,7,90.54054054054053,7,1,85.71428571428571,1,1,0.0,,,,,,
32,WROTE,True,3,ARISE,-G--G,3,3,LLM,TROPE,YGG-G,2,2,CSS,WROTE,GGGGG,0.0,0.0,LLM,,,,,,,,,,,,,,,,5629,32,99.43151536685025,32,1,96.875,1,1,0.0,,,,,,,,,
33,RATED,True,4,CARTE,-GYYY,4,3,LLM,TAMER,YG-GY,3,3,CSS,RATES,GGGG-,1.0,1.0,LLM,RATED,GGGGG,0.0,0.0,CSS,,,,,,,,,,,5629,12,99.78681826256884,12,2,83.33333333333334,2,1,50.0,1,1,0.0,,,,,,
34,ALERT,True,3,STORE,-Y-GY,4,4,LLM,TETRA,YY-GY,4,4,CSS,ALERT,GGGGG,0.0,0.0,LLM,,,,,,,,,,,,,,,,5629,17,99.69799253863918,17,2,88.23529411764706,2,1,50.0,,,,,,,,,
35,CAGES,True,4,TONES,---GG,3,3,LLM,SALES,-G-GG,2,2,CSS,MARES,-G-GG,2.0,2.0,LLM,CAGES,GGGGG,0.0,0.0,CSS,,,,,,,,,,,5629,156,97.22863741339492,156,43,72.43589743589743,43,24,44.18604651162791,24,1,95.83333333333334,,,,,,
36,TEDDY,True,4,SAUER,---Y-,5,5,LLM,LEONE,-G---,4,4,CSS,DEPTH,YG-Y-,4.0,4.0,LLM,TEDDY,GGGGG,0.0,0.0,CSS,,,,,,,,,,,5629,344,93.88879019364008,344,24,93.02325581395348,24,1,95.83333333333334,1,1,0.0,,,,,,
37,COLES,False,6,MARNE,----Y,5,5,LLM,TILES,--GGG,2,2,CSS,POLES,-GGGG,1.0,1.0,LLM,FOLES,-GGGG,1.0,1.0,CSS,SOLES,-GGGG,1.0,1.0,LLM,HOLES,-GGGG,1.0,1.0,CSS,5629,450,92.00568484633149,450,6,98.66666666666667,6,4,33.33333333333333,4,3,25.0,3,2,33.33333333333333,2,1,50.0
38,HWANG,True,4,ARNIE,Y-Y--,5,5,LLM,SAGAN,-YY-Y,5,4,CSS,CHANG,-YGGG,2.0,2.0,LLM,HWANG,GGGGG,0.0,0.0,CSS,,,,,,,,,,,5629,147,97.38852371646828,147,10,93.19727891156462,10,2,80.0,2,1,50.0,,,,,,
39,WRATH,True,3,OATES,-YY--,5,4,LLM,TRAIT,YGG--,3,3,CSS,WRATH,GGGGG,0.0,0.0,LLM,,,,,,,,,,,,,,,,5629,65,98.84526558891456,65,1,98.46153846153847,1,1,0.0,,,,,,,,,
40,MACHO,True,4,AILES,Y----,5,5,LLM,RATON,-G-Y-,4,4,CSS,MACAO,GGG-G,1.0,1.0,LLM,MACHO,GGGGG,0.0,0.0,CSS,,,,,,,,,,,5629,459,91.84579854325813,459,7,98.47494553376906,7,1,85.71428571428571,1,1,0.0,,,,,,
41,LOPEZ,True,5,REINS,-Y---,5,5,LLM,CABLE,---YY,5,5,CSS,MOTEL,-G-GY,3.0,3.0,LLM,LOVED,GG-G-,2.0,2.0,CSS,LOPEZ,GGGGG,0.0,0.0,LLM,,,,,,5629,329,94.15526736542903,329,22,93.3130699088146,22,5,77.27272727272727,5,1,80.0,1,1,0.0,,,
42,GOODY,True,3,HATES,-----,5,5,LLM,IRONY,--G-G,3,3,CSS,GOODY,GGGGG,0.0,0.0,LLM,,,,,,,,,,,,,,,,5629,485,91.38390477882395,485,7,98.55670103092784,7,1,85.71428571428571,,,,,,,,,
43,BROTH,True,3,LEANS,-----,5,5,LLM,COURT,-Y-YY,5,5,CSS,BROTH,GGGGG,0.0,0.0,LLM,,,,,,,,,,,,,,,,5629,361,93.58678273227927,361,9,97.50692520775624,9,1,88.88888888888889,,,,,,,,,
44,VERDE,True,5,BALES,---Y-,5,5,LLM,CRONE,-Y--G,4,4,CSS,VERGE,GGG-G,1.0,1.0,LLM,VERVE,GGG-G,1.0,1.0,CSS,VERDE,GGGGG,0.0,0.0,LLM,,,,,,5629,405,92.80511636169835,405,17,95.80246913580247,17,2,88.23529411764706,2,1,50.0,1,1,0.0,,,
45,TAMED,True,4,TAPES,GG-G-,2,2,LLM,TAREK,GG-G-,2,2,CSS,TAXED,GG-GG,1.0,1.0,LLM,TAMED,GGGGG,0.0,0.0,CSS,,,,,,,,,,,5629,7,99.87564398649849,7,2,71.42857142857143,2,1,50.0,1,1,0.0,,,,,,
46,LEAFS,True,3,EARNS,YY--G,4,3,LLM,DEALS,-GGYG,2,2,CSS,LEAFS,GGGGG,0.0,0.0,LLM,,,,,,,,,,,,,,,,5629,38,99.32492449813466,38,3,92.10526315789474,3,1,66.66666666666666,,,,,,,,,
47,YACHT,True,3,RACES,-GG--,3,3,LLM,MACHO,-GGG-,2,2,CSS,YACHT,GGGGG,0.0,0.0,LLM,,,,,,,,,,,,,,,,5629,16,99.71575768342512,16,1,93.75,1,1,0.0,,,,,,,,,
48,MESSY,True,4,RISES,--GYY,4,4,LLM,JESSE,-GGG-,2,2,CSS,TESSA,-GGG-,2.0,2.0,LLM,MESSY,GGGGG,0.0,0.0,CSS,,,,,,,,,,,5629,7,99.87564398649849,7,2,71.42857142857143,2,1,50.0,1,1,0.0,,,,,,
49,RYDER,True,4,SHARE,---YY,5,5,LLM,DINER,Y--GG,3,3,CSS,ORDER,-YGGG,2.0,2.0,LLM,RYDER,GGGGG,0.0,0.0,CSS,,,,,,,,,,,5629,239,95.75413039616272,239,5,97.90794979079497,5,1,80.0,1,1,0.0,,,,,,
50,MOTIF,True,4,EATON,--GY-,4,4,LLM,ORTHO,Y-G--,4,4,CSS,POTTS,-GG--,3.0,3.0,LLM,MOTIF,GGGGG,0.0,0.0,CSS,,,,,,,,,,,5629,20,99.6446971042814,20,6,70.0,6,1,83.33333333333334,1,1,0.0,,,,,,
51,RAVEN,True,3,CRONE,-Y-YY,5,4,LLM,RISEN,G--GG,2,2,CSS,RAVEN,GGGGG,0.0,0.0,LLM,,,,,,,,,,,,,,,,5629,52,99.07621247113164,52,3,94.23076923076923,3,1,66.66666666666666,,,,,,,,,
52,REICH,True,4,MAINE,--G-Y,4,4,LLM,DRIES,-YGY-,4,4,CSS,REIKI,GGG--,2.0,2.0,LLM,REICH,GGGGG,0.0,0.0,CSS,,,,,,,,,,,5629,61,98.91632616805826,61,2,96.72131147540983,2,1,50.0,1,1,0.0,,,,,,
53,ICONS,True,4,HEATS,----G,4,4,LLM,BOLUS,-Y--G,4,4,CSS,CROPS,Y-G-G,3.0,3.0,LLM,ICONS,GGGGG,0.0,0.0,CSS,,,,,,,,,,,5629,275,95.11458518386925,275,18,93.45454545454545,18,1,94.44444444444444,1,1,0.0,,,,,,
54,SILKY,True,3,AILES,-GG-Y,3,3,LLM,SILLY,GGG-G,1,1,CSS,SILKY,GGGGG,0.0,0.0,LLM,,,,,,,,,,,,,,,,5629,2,99.96446971042813,2,1,50.0,1,1,0.0,,,,,,,,,
55,CARVE,True,4,PARSE,-GG-G,2,2,LLM,LARGE,-GG-G,2,2,CSS,CARNE,GGG-G,1.0,1.0,LLM,CARVE,GGGGG,0.0,0.0,CSS,,,,,,,,,,,5629,16,99.71575768342512,16,10,37.5,10,2,80.0,2,1,50.0,,,,,,
56,LAGER,True,6,SAITO,-G---,4,4,LLM,LAYER,GG-GG,1,1,CSS,LAUER,GG-GG,1.0,1.0,LLM,LAVER,GG-GG,1.0,1.0,CSS,LAKER,GG-GG,1.0,1.0,LLM,LAGER,GGGGG,0.0,0.0,CSS,5629,378,93.28477527091846,378,5,98.67724867724867,5,4,20.0,4,3,25.0,3,2,33.33333333333333,2,1,50.0
57,JERKS,True,5,TAPES,---YG,4,4,LLM,REELS,YG--G,3,3,CSS,HERBS,-GG-G,2.0,2.0,LLM,FERNS,-GG-G,2.0,2.0,CSS,JERKS,GGGGG,0.0,0.0,LLM,,,,,,5629,115,97.95700834961805,115,13,88.69565217391305,13,6,53.84615384615385,6,3,50.0,3,1,66.66666666666666,,,
58,LOTUS,True,4,LOANS,GG--G,2,2,LLM,LOOPS,GG--G,2,2,CSS,LOCUS,GG-GG,1.0,1.0,LLM,LOTUS,GGGGG,0.0,0.0,CSS,,,,,,,,,,,5629,16,99.71575768342512,16,10,37.5,10,1,90.0,1,1,0.0,,,,,,
59,LACEY,True,4,SORTA,----Y,5,5,LLM,LADEN,GG-G-,2,2,CSS,LAPEL,GG-G-,2.0,2.0,LLM,LACEY,GGGGG,0.0,0.0,CSS,,,,,,,,,,,5629,487,91.34837448925208,487,3,99.38398357289527,3,1,66.66666666666666,1,1,0.0,,,,,,
60,TUDOR,True,3,SAHEL,-----,5,5,LLM,ROUND,YYY-Y,5,5,CSS,TUDOR,GGGGG,0.0,0.0,LLM,,,,,,,,,,,,,,,,5629,445,92.09451057026115,445,2,99.5505617977528,2,1,50.0,,,,,,,,,
61,QUOTA,True,4,SHANE,--Y--,5,5,LLM,TALIA,Y---G,4,4,CSS,GOTTA,-Y-GG,3.0,3.0,LLM,QUOTA,GGGGG,0.0,0.0,CSS,,,,,,,,,,,5629,460,91.8280333984722,460,6,98.69565217391305,6,1,83.33333333333334,1,1,0.0,,,,,,
62,MOURN,True,3,CANES,--Y--,5,5,LLM,TURIN,-YY-G,4,3,CSS,MOURN,GGGGG,0.0,0.0,LLM,,,,,,,,,,,,,,,,5629,156,97.22863741339492,156,1,99.35897435897436,1,1,0.0,,,,,,,,,
63,PROMO,True,4,RAINS,Y----,5,5,LLM,TORRE,-YY--,5,5,CSS,BROOD,-GGY-,3.0,3.0,LLM,PROMO,GGGGG,0.0,0.0,CSS,,,,,,,,,,,5629,337,94.01314620714159,337,33,90.20771513353115,33,2,93.93939393939394,2,1,50.0,,,,,,
64,CASTE,True,3,RAGES,-G-YY,4,4,LLM,LAPSE,-G-YG,3,3,CSS,CASTE,GGGGG,0.0,0.0,LLM,,,,,,,,,,,,,,,,5629,16,99.71575768342512,16,6,62.5,6,1,83.33333333333334,,,,,,,,,
65,CAPRI,True,4,GRATE,-YY--,5,5,LLM,MORAN,--YY-,5,5,CSS,RAILS,YGY--,4.0,4.0,LLM,CAPRI,GGGGG,0.0,0.0,CSS,,,,,,,,,,,5629,269,95.22117605258484,269,38,85.87360594795538,38,2,94.73684210526315,2,1,50.0,,,,,,
66,ALIAS,True,3,NORSE,---Y-,5,5,LLM,SILAS,-YYGG,3,3,CSS,ALIAS,GGGGG,0.0,0.0,LLM,,,,,,,,,,,,,,,,5629,386,93.14265411263102,386,1,99.74093264248705,1,1,0.0,,,,,,,,,
67,PADDY,True,4,WIRES,-----,5,5,LLM,TONAL,---Y-,5,5,CSS,PADMA,GGG--,2.0,2.0,LLM,PADDY,GGGGG,0.0,0.0,CSS,,,,,,,,,,,5629,670,88.0973529934269,670,51,92.38805970149254,51,1,98.0392156862745,1,1,0.0,,,,,,
68,BLOBS,True,6,ARISE,---Y-,5,5,LLM,PLOTS,-GG-G,2,2,CSS,BLOGS,GGG-G,1.0,1.0,LLM,BLOWS,GGG-G,1.0,1.0,CSS,BLOCS,GGG-G,1.0,1.0,LLM,BLOBS,GGGGG,0.0,0.0,CSS,5629,277,95.07905489429739,277,8,97.11191335740072,8,3,62.5,3,2,33.33333333333333,2,1,50.0,1,1,0.0
69,DILLY,True,4,GATES,-----,5,5,LLM,COMIN,---Y-,5,5,CSS,BUILD,--YGY,4.0,4.0,LLM,DILLY,GGGGG,0.0,0.0,CSS,,,,,,,,,,,5629,476,91.54379108189733,476,28,94.11764705882352,28,1,96.42857142857143,1,1,0.0,,,,,,
70,GUTSY,True,4,RAINS,----Y,5,5,LLM,STOKE,YY---,5,5,CSS,LUSTY,-GYYG,3.0,3.0,LLM,GUTSY,GGGGG,0.0,0.0,CSS,,,,,,,,,,,5629,174,96.90886480724818,174,6,96.55172413793103,6,1,83.33333333333334,1,1,0.0,,,,,,
71,TABOR,True,3,TIERS,G--Y-,4,4,LLM,TAROT,GGYG-,2,2,CSS,TABOR,GGGGG,0.0,0.0,LLM,,,,,,,,,,,,,,,,5629,31,99.44928051163618,31,1,96.7741935483871,1,1,0.0,,,,,,,,,
72,INLAY,True,3,TAILS,-YYY-,5,5,LLM,VIRAL,-Y-GY,4,4,CSS,INLAY,GGGGG,0.0,0.0,LLM,,,,,,,,,,,,,,,,5629,52,99.07621247113164,52,1,98.07692307692307,1,1,0.0,,,,,,,,,
73,AHHHH,True,5,TONER,-----,5,5,LLM,DIALS,--Y--,5,5,CSS,MAMBA,-Y---,5.0,5.0,LLM,AWWWW,G----,4.0,4.0,CSS,AHHHH,GGGGG,0.0,0.0,LLM,,,,,,5629,654,88.38159531000179,654,39,94.03669724770643,39,2,94.87179487179486,2,1,50.0,1,1,0.0,,,
74,ROUEN,True,5,SABER,---GY,4,4,LLM,RILED,G--G-,3,3,CSS,RENEW,G-YG-,3.0,3.0,LLM,ROGEN,GG-GG,1.0,1.0,CSS,ROUEN,GGGGG,0.0,0.0,LLM,,,,,,5629,55,99.02291703677385,55,7,87.27272727272727,7,2,71.42857142857143,2,1,50.0,1,1,0.0,,,
75,BUENA,True,4,MARIS,-Y---,5,5,LLM,LEONA,-Y-GG,3,3,CSS,HYENA,--GGG,2.0,2.0,LLM,BUENA,GGGGG,0.0,0.0,CSS,,,,,,,,,,,5629,344,93.88879019364008,344,2,99.4186046511628,2,1,50.0,1,1,0.0,,,,,,
76,MENON,True,3,HATER,---Y-,5,5,LLM,LEONE,-GYY-,4,3,CSS,MENON,GGGGG,0.0,0.0,LLM,,,,,,,,,,,,,,,,5629,424,92.46757861076567,424,5,98.82075471698113,5,1,80.0,,,,,,,,,
77,TRASK,True,4,MAINE,-Y---,5,5,LLM,COALS,--G-Y,4,4,CSS,TRASH,GGGG-,1.0,1.0,LLM,TRASK,GGGGG,0.0,0.0,CSS,,,,,,,,,,,5629,383,93.19594954698881,383,23,93.99477806788512,23,1,95.65217391304348,1,1,0.0,,,,,,
78,CASIO,True,3,LIARS,-YY-Y,5,5,LLM,SATIN,YG-G-,3,3,CSS,CASIO,GGGGG,0.0,0.0,LLM,,,,,,,,,,,,,,,,5629,34,99.39598507727838,34,2,94.11764705882352,2,1,50.0,,,,,,,,,
79,VOILA,True,4,CARES,-Y---,5,5,LLM,ALAIN,YY-Y-,5,5,CSS,HILDA,-YY-G,4.0,3.0,LLM,VOILA,GGGGG,0.0,0.0,CSS,,,,,,,,,,,5629,294,94.77704743293658,294,16,94.5578231292517,16,1,93.75,1,1,0.0,,,,,,
80,AURAL,True,3,EARLS,-YGY-,4,4,LLM,MURAL,-GGGG,1,1,CSS,AURAL,GGGGG,0.0,0.0,LLM,,,,,,,,,,,,,,,,5629,9,99.84011369692662,9,2,77.77777777777779,2,1,50.0,,,,,,,,,
81,LEGER,True,3,COALS,---Y-,5,5,LLM,LITER,G--GG,2,2,CSS,LEGER,GGGGG,0.0,0.0,LLM,,,,,,,,,,,,,,,,5629,184,96.73121335938887,184,4,97.82608695652173,4,1,75.0,,,,,,,,,
82,DALLY,True,5,TAREK,-G---,4,4,LLM,MAINS,-G---,4,4,CSS,PAOLA,-G-G-,3.0,3.0,LLM,BADLY,-GYGG,2.0,2.0,CSS,DALLY,GGGGG,0.0,0.0,LLM,,,,,,5629,327,94.19079765500089,327,57,82.56880733944955,57,6,89.47368421052632,6,1,83.33333333333334,1,1,0.0,,,
83,INIGO,True,4,ACRES,-----,5,5,LLM,DIMLY,-Y---,5,5,CSS,TOBIN,-Y-YY,5.0,5.0,LLM,INIGO,GGGGG,0.0,0.0,CSS,,,,,,,,,,,5629,399,92.91170723041392,399,33,91.72932330827066,33,2,93.93939393939394,2,1,50.0,,,,,,
84,KRILL,True,5,BASEL,----G,4,4,LLM,TROLL,-G-GG,2,2,CSS,DRILL,-GGGG,1.0,1.0,LLM,GRILL,-GGGG,1.0,1.0,CSS,KRILL,GGGGG,0.0,0.0,LLM,,,,,,5629,31,99.44928051163618,31,3,90.32258064516128,3,2,33.33333333333333,2,1,50.0,1,1,0.0,,,
85,SNIDE,True,4,RULES,---YY,5,5,LLM,SPATE,G---G,3,3,CSS,SHINE,G-GYG,2.0,2.0,LLM,SNIDE,GGGGG,0.0,0.0,CSS,,,,,,,,,,,5629,145,97.42405400604015,145,16,88.96551724137932,16,1,93.75,1,1,0.0,,,,,,
86,LEWES,True,4,MORES,---GG,3,3,LLM,AILES,--YGG,3,3,CSS,ELSES,YY-GG,3.0,3.0,LLM,LEWES,GGGGG,0.0,0.0,CSS,,,,,,,,,,,5629,146,97.40628886125423,146,6,95.8904109589041,6,1,83.33333333333334,1,1,0.0,,,,,,
87,TAMER,True,4,BEATS,-YYY-,5,5,LLM,ALTER,Y-YGG,3,3,CSS,TAKER,GG-GG,1.0,1.0,LLM,TAMER,GGGGG,0.0,0.0,CSS,,,,,,,,,,,5629,58,98.96962160241605,58,3,94.82758620689656,3,2,33.33333333333333,2,1,50.0,,,,,,
88,COTTA,True,4,AIRES,Y----,5,5,LLM,NATAL,-YG--,4,4,CSS,GOTTA,-GGGG,1.0,1.0,LLM,COTTA,GGGGG,0.0,0.0,CSS,,,,,,,,,,,5629,389,93.08935867827323,389,4,98.97172236503856,4,1,75.0,1,1,0.0,,,,,,
89,CORBY,True,5,DIALS,-----,5,5,LLM,RHONE,Y-Y--,5,5,CSS,POTRO,-G-Y-,4.0,4.0,LLM,CORKY,GGG-G,1.0,1.0,CSS,CORBY,GGGGG,0.0,0.0,LLM,,,,,,5629,648,88.48818617871736,648,24,96.29629629629629,24,4,83.33333333333334,4,1,75.0,1,1,0.0,,,
90,POLIS,True,4,RATES,----G,4,4,LLM,LIONS,YYY-G,4,4,CSS,SOLIS,-GGGG,1.0,1.0,LLM,POLIS,GGGGG,0.0,0.0,CSS,,,,,,,,,,,5629,229,95.93178184402203,229,6,97.37991266375546,6,1,83.33333333333334,1,1,0.0,,,,,,
91,ROXAS,True,4,SLATE,Y-Y--,5,5,LLM,RAINS,GY--G,3,3,CSS,ROJAS,GG-GG,1.0,1.0,LLM,ROXAS,GGGGG,0.0,0.0,CSS,,,,,,,,,,,5629,161,97.13981168946528,161,2,98.75776397515527,2,1,50.0,1,1,0.0,,,,,,
92,RANCE,True,2,LANES,-GGY-,3,3,LLM,RANCE,GGGGG,0,0,CSS,,,,,,,,,,,,,,,,,,,,,5629,10,99.82234855214071,10,1,90.0,,,,,,,,,,,,
93,CARON,True,4,SOREN,-YG-G,3,3,LLM,BARON,-GGGG,1,1,CSS,AARON,-GGGG,1.0,1.0,LLM,CARON,GGGGG,0.0,0.0,CSS,,,,,,,,,,,5629,9,99.84011369692662,9,2,77.77777777777779,2,1,50.0,1,1,0.0,,,,,,
94,SURYA,True,4,TASER,-YY-Y,5,5,LLM,CRABS,-YY-Y,5,5,CSS,SYRIA,GYG-G,2.0,2.0,LLM,SURYA,GGGGG,0.0,0.0,CSS,,,,,,,,,,,5629,51,99.09397761591757,51,4,92.15686274509804,4,1,75.0,1,1,0.0,,,,,,
95,AGGIE,True,4,TYRES,---Y-,5,5,LLM,ALINE,G-Y-G,3,3,CSS,ABBIE,G--GG,2.0,2.0,LLM,AGGIE,GGGGG,0.0,0.0,CSS,,,,,,,,,,,5629,435,92.27216201812045,435,3,99.3103448275862,3,2,33.33333333333333,2,1,50.0,,,,,,
96,CAUSA,True,5,SENOR,Y----,5,5,LLM,HAILS,-G--Y,4,4,CSS,TASTY,-GY--,4.0,4.0,LLM,FAFSA,-G-GG,2.0,2.0,CSS,CAUSA,GGGGG,0.0,0.0,LLM,,,,,,5629,295,94.75928228815064,295,8,97.28813559322033,8,2,75.0,2,1,50.0,1,1,0.0,,,
97,BAMBA,True,5,ARIES,Y----,5,5,LLM,CANAL,-G-Y-,4,4,CSS,TAMPA,-GG-G,2.0,2.0,LLM,MAMBA,-GGGG,1.0,1.0,CSS,BAMBA,GGGGG,0.0,0.0,LLM,,,,,,5629,389,93.08935867827323,389,22,94.34447300771208,22,5,77.27272727272727,5,1,80.0,1,1,0.0,,,
98,MAYNE,True,4,RAISE,-G--G,3,3,LLM,LANGE,-GY-G,3,3,CSS,PAYNE,-GGGG,1.0,1.0,LLM,MAYNE,GGGGG,0.0,0.0,CSS,,,,,,,,,,,5629,53,99.05844732634571,53,6,88.67924528301887,6,4,33.33333333333333,4,1,75.0,,,,,,
99,BOGGS,True,5,SLATE,Y----,5,5,LLM,CROPS,--Y-G,4,4,CSS,BONUS,GG--G,2.0,2.0,LLM,BOMBS,GG--G,2.0,2.0,CSS,BOGGS,GGGGG,0.0,0.0,LLM,,,,,,5629,252,95.52318351394564,252,18,92.85714285714286,18,2,88.88888888888889,2,1,50.0,1,1,0.0,,,
100,FINNS,True,6,BALES,----G,4,4,LLM,RIOTS,-G--G,3,3,CSS,KINDS,-GG-G,2.0,2.0,LLM,SINGS,-GG-G,2.0,2.0,CSS,MINUS,-GG-G,2.0,2.0,LLM,FINNS,GGGGG,0.0,0.0,CSS,5629,265,95.29223663172854,265,37,86.0377358490566,37,8,78.37837837837837,8,4,50.0,4,1,75.0,1,1,0.0
